page Date,Name,Link,saleStartTime,saleEndTime
20210413104734,Duchampâ€™s x Rolex x MTG,/assets/auctions?search[resultModel]=ASSETS&search[toggles][0]=ON_AUCTION,,
20210413161949,Own a 1 of 1 of X,/collection/art-blocks,,
20210413161949,"Uh, what's with the pineapple?",/collection/meme-ltd,,
20210414044100,Own a piece of Magical History,/collection/liftoff-for-love,,
20210414214329,Own a Piece of The 34 Collection,/collection/auston,,
20210415115809,"""Portraits"" by HazMot x Bambou",/collection/hazar-motan-portraits-x-bambou,,
20210416091355,SHOP UP POP,/collection/shop-up-pop,,
20210417143110,Hanksy,/assets/hanksy?search[query]=1%2F1&search[toggles][0]=ON_AUCTION,,
20210419200148,Stoned Elon,/collection/stonedelon,,
20210419200148,The first jazz album NFT collection,/collection/mike-casey-law-of-attraction-originals-jazz-nft-al,,
20210420212621,Marshawn Lynch DODI Blunts,https://web.archive.org/web/20210420212621/https://opensea.io/collection/dodiblunts,,
20210422001247,23 Top-Level Domains & NFTs,/collection/tlds,,
20210423033101,POST MALONE x FYOOZ,/collection/post-malone-diamond-hands,,
20210423215817,Invest in the future of water,/collection/mission-moen,,
20210424185848,Terrell Owens NFT debut,/collection/terrellowens,,
20210425220817,Super Nfty Floating Heads,/assets/super-nfty-floating-heads?search[sortAscending]=false&search[sortBy]=CREATED_DATE&search[toggles][0]=ON_AUCTION,,
20210426161117,Dave Portnoy First Edition,/assets/0x495f947276749ce646f68ac8c248420045cb7b5e/1113092575580582152366905455727000649549319485777176869111424699704761384961,,
20210426182330,Petra Cortright - Room,/collection/simco-drops-petra-cortright-room,,
20210426204025,Terrell Owens x Spacecoupe,/collection/terrell-owens-x-spacecoupe-nft,,
20210427201545,Golden State Warriors NFT,/collection/golden-state-warriors-legacy-collection,,
20210428074229,Gamers Ready?,/assets/0x495f947276749ce646f68ac8c248420045cb7b5e/1847043632675650617552660023709809167004447721089388266783328729378469183489,,
20210428074229,Official Three Stooges NFTs,/collection/threestooges,,
20210429133347,METAPUNKS,/collection/metapunksv1,,
20210429133347,Own Physical Cards as NFTs,/collection/slabs,,
20210430205518,Lewis Capaldi Trading Card NFT,/collection/bfsc,,
20210430205518,Meet the Ksoids,/assets/ksoids?search[stringTraits][0][name]=Collector&search[stringTraits][0][values][0]=Yes,,
20210502203226,I Got An NFT B!T*H!,/collection/lil-jon-got-an-nft-btch,,
20210503060552,I Got An NFT!,/collection/lil-jon-got-an-nft-btch,,
20210505130748,Save Thousands of Lives,/assets/0x495f947276749ce646f68ac8c248420045cb7b5e/96773753706640817147890456629920587151705670001482122310561805592519359070209,,
20210505130748,Win an NFT/Canvas collaboration,/assets/0x495f947276749ce646f68ac8c248420045cb7b5e/67546018809021261437726884025783966684130847831480884217000105412273926832129,,
20210505231655,The Renaissance of 3D characters,/collection/young-at-art,,
20210506222247,Canelo v. Saunders: Face the Fearless,/collection/dazn-x-canelo-saunders,,
20210506222247,E1337 MetaWear,/collection/e1337-metawear,,
20210510163207,Rock Legends x Gary Andrew Gershoff,/collection/rock-legends-gary-andrew-gershoff,,
20210512073322,The Definition of NFT,/assets/0x495f947276749ce646f68ac8c248420045cb7b5e/13014153790550692438812020292530308527796599818332639642513535596840089550849,,
20210512073322,Tupac Shakur,/accounts/Duchamps?tab=favorites,,
20210513070902,ZEPETO ENTERS THE METAVERSE,/assets?search%5BpaymentAssets%5D%5B0%5D=SAND&search%5Bquery%5D=the%20sandbox&search%5Btoggles%5D%5B0%5D=ON_AUCTION,,
20210513070902,The Preakness x Zed Run,/collection/preakness-x-zed-run-nft-collection,,
20210515144718,Lee Sedol vs. AlphaGo,/assets/0x495f947276749ce646f68ac8c248420045cb7b5e/103545492035353205877823839439808623137264462394650937197153789471763290128385,,
20210517002651,FAMA: Futuro en armonia,/collection/futuro-en-armonia,,
20210518224340,Case Simmons - Temple X 111,/collection/case-simmons-temple-x-111,,
20210518224340,$WHALE x Yiying Lu,/collection/whale-of-a-time,,
20210520143550,Doc 'Lee' x Angelo Galasso,/collection/ag-nft,,
20210520192029,Alexa Meade // Sheila Vand,/assets/0x495f947276749ce646f68ac8c248420045cb7b5e/30032233682971466187448315033961749294028544815539333681848794786857746432001,,
20210520192029,Dr 'Lee' x Angelo Galasso,/collection/ag-nft,,
20210521231829,PAC-MAN x Genies Asia,/collection/pacmanxgenies,,
20210521231829,Nick Constantine,/collection/our-black-is-beautiful,,
20210522161218,Own a 1/1 piece of AI History,/collection/ai-art-house,,
20210525093712,Async Music Auctions,/assets/async-art?search[sortAscending]=false&search[sortBy]=CREATED_DATE&search[stringTraits][0][name]=Artist&search[stringTraits][0][values][0]=RARE%20SCRILLA&search[stringTraits][0][values][1]=Beats%20Antique&search[stringTraits][0][values][2]=Richie%20Hawtin&search[toggles][0]=ON_AUCTION,,
20210525093712,The Underground Sistine Chapel,/collection/the-underground-sistine-chapel-by-pboy,,
20210526165055,Raising the flag on Iwo Jima,/assets/0xa3100c90f999454fd6764e39e5893469c520e4b1/1,,
20210528015801,WHO SHOT ANDY WARHOL,/assets/0x495f947276749ce646f68ac8c248420045cb7b5e/2210928512410020012666322113572794803145213141784832869272997940635277197313/,,
20210528015801,Gabe Weis,/collection/art-by-gabe-weis,,
20210529102903,Stop AAPI Hate,/assets/0x63e0eab409f1c1e737aad225003d709b57dbe9e5/19,2021-05-28T21:41:16,2021-06-02T21:41:19
20210531004605,Dario De Siena,/collection/from-physical-to-digital,2021-05-30T23:34:57,2021-06-03T12:01:18
20210531014917,Sabet,/collection/real-love,2021-05-31T01:00:00,2021-06-03T12:23:05
20210603005032,Anatomy Shapes,/collection/anatomy-shapes,2021-06-01T10:50:42,2021-06-07T10:50:43
20210604101440,Tupac Martir: Unique,/collection/tupac-martir-unique,,
20210606013138,Drawn Together - Mental Health,/collection/drawn-together-mental-health-awareness,2021-06-04T23:00:00,2021-06-08T18:09:16
20210607113541,Richie Hawtin / 6.06,/assets/0x495f947276749ce646f68ac8c248420045cb7b5e/83674955016137950506473729092251401910462293483460078071476464616176105816097,2021-06-07T09:58:44,2021-06-09T09:58:47
20210609105419,Infinethum,/collection/infinethum,2021-06-09T08:45:13,2021-06-15T08:45:14
20210609105419,The God-Eater Collection,/collection/the-god-eater-collection,2021-06-08T08:06:59,2021-06-14T08:07:07
20210609105419,Brent Rivera NFT Launch,/collection/brent-rivera/,2021-06-08T18:02:46,2021-06-11T23:14:50
20210611115545,Bucks â€˜71 Champs Collection,/collection/1971-championship-collection,2021-06-10T22:00:00,2021-06-13T23:00:00
20210611193216,Fidenza,/assets/art-blocks?search[resultModel]=ASSETS&search[stringTraits][0][name]=Fidenza&search[stringTraits][0][values][0]=All%20Fidenzas,2021-06-11T17:58:02,2021-06-20T17:58:04
20210611193216,SVINS,/collection/svinsfarm,2021-06-11T17:40:07,2021-06-20T17:40:09
20210614180930,Fidenza Charity Painting,/assets/0xa7d8d9ef8d8ce8992df33d8b8cf4aebabd5bd270/78000163,2021-06-15T17:00:46,2021-06-17T17:00:44
20210616072502,Jonathan Rosen,/assets/rosenbigdrop?search[resultModel]=ASSETS&search[stringTraits][0][name]=Format&search[stringTraits][0][values][0]=Full%20Reel&search[toggles][0]=ON_AUCTION,2021-06-15T17:00:00,2021-06-19T17:06:54
20210616072502,Bad Cache,/collection/bad-cache,2021-06-15T09:43:51,2021-06-22T09:43:53
20210617173712,OpenSea x CADAF.art,/collection/opensea-x-cadaf-art,2021-06-17T09:00:00,2021-06-24T08:00:00
20210617173712,Sarah Meyohas,https://web.archive.org/web/20210617173712/https://opensea.io/blog/interviews/artist-interview-sarah-meyohas/,2021-06-18T17:00:00,2021-06-23T17:00:00
20210617173712,SHABEEN BLUE,/collection/shabeen-blue-gallery,2021-06-17T15:28:12,2021-06-24T15:28:13
20210618232711,8th Cubism,/collection/cubism-8thproject,2021-06-18T16:49:45,2021-06-25T16:49:46
20210621152037,Riot Racers Cars,/collection/riot-racers-cars,2021-06-21T21:00:16,2021-06-22T23:59:27
20210623235415,DeLoreanâ€™s 40th Anniversary,/collection/delorean-s-40th-anniversary-nft-collection,2021-06-23T18:04:47,2021-06-28T23:12:39
20210625003517,Reddit CryptoSnoos,/collection/reddit-cryptosnoos,2021-06-24T14:08:31,2021-06-30T22:00:12
20210630200902,Celtics Heritage Collection,/collection/celtics-heritage-collection,2021-06-30T16:20:26,2021-07-03T20:21:20
20210703130203,earlyworm works,/collection/earlyworm-works,2021-07-01T11:19:09,2021-07-07T11:19:11
20210703130203,Tom Fry,/collection/tom-fry-studio,2021-07-01T14:00:36,2021-07-07T14:00:38
20210706142613,Visitors of Imma Degen,/collection/visitors-of-imma-degen,2021-07-06T12:50:53,2021-07-13T12:50:54
20210706142613,Haylos,/collection/haylos,2021-07-06T13:02:56,2021-07-13T13:02:58
20210708052726,Shrine Of Truth,/ShrineOfTruth,2021-07-08T13:00:00,2021-07-09T14:00:00
20210708052726,IEM Cologne 2021 Pog Collection,/collection/iem-cologne-pog-collection,2021-07-07T23:48:23,2021-07-12T23:48:39
20210709230540,EXQUISITE WORKERS,/collection/mercury-edition-1-1-01-90-v2,2021-07-09T16:28:48,2021-07-16T16:28:49
20210709230540,Pulsquares,/collection/pulsquares,2021-07-09T17:59:04,2021-07-16T17:59:05
20210712203600,Washington Wizards Starting Five,/collection/washington-wizards-starting-five-collection,2021-07-12T20:34:36,2021-07-15T22:34:44
20210714033610,PROOF OF {ART}WORK,/collection/proof-of-artwork,2021-07-14T16:00:00,2021-07-20T15:48:36
20210714150551,Meg Thorpe,/collection/meg-thorpe,2021-07-15T21:00:00,2021-07-20T09:10:39
20210715195131,#ALLCAPS Digital Collectibles,/collection/allcaps-fan-collectibles,2021-07-15T14:41:46,2021-07-19T00:42:19
20210715195131,Asics Sunrise Redâ„¢ NFT Collection,/collection/asics-sunrise-red-nft-collection,2021-07-15T16:05:38,2021-07-19T18:00:00
20210717044456,Miami HEAT 15 STRONG Collection,/collection/miamiheat15strong,2021-07-16T18:22:04,2021-07-20T18:00:00
20210717044456,Swoon Solo NFT Exhibition,/collection/cicada-and-tymbal-solo-exhibition,2021-07-17T16:00:00,2021-07-19T18:00:00
20210720110846,Trail Blazers: The Art of Basketball,/collection/artofbasketball,2021-07-19T20:13:06,2021-07-23T18:00:00
20210720110846,AtariÂ® x ZED RUN NFT Collection,/collection/atari-zed-skin-collection,2021-07-19T20:21:40,2021-07-20T20:21:41
20210720220720,Meeler's Creations,/collection/meelers-creations,2021-07-20T16:58:01,2021-07-22T16:58:07
20210722105006,COMMENT OUT by Kevin Abosch,/collection/commentout,2021-07-22T09:14:52,2021-07-25T09:14:54
20210722214102,OUT!!! an NFT FILM,/collection/out,2021-07-22T18:02:15,2021-07-26T22:02:29
20210724120147,Kings Inaugural Pin Collection,/collection/sacramento-kings?search[sortAscending]=true&search[sortBy]=CREATED_DATE,2021-07-22T23:50:35,2021-07-26T20:00:00
20210724120147,GHXSTS x Cool Cats,/assets/0x495f947276749ce646f68ac8c248420045cb7b5e/80494307024529346018053650490912529916739680814770830097664395798704696590337,2021-07-23T21:51:50,2021-07-24T21:51:53
20210727002544,Trey Ratcliff Exclusive Drop!,/collection/trey-ratcliff-drop-1,2021-07-26T21:00:00,2021-07-28T20:05:53
20210727165139,Avid Lines,/assets/0xdfacd840f462c27b0127fc76b63e7925bed0f9d5/2107965440,2021-07-27T16:33:21,2021-07-28T16:00:00
20210729151641,CryptoMotors: Neon Roadster,/collection/cryptomotors?search%5Bquery%5D=neon%20roadster&search%5BsortAscending%5D=false&search%5BsortBy%5D=CREATED_DATE,2021-07-29T15:30:00,2021-08-02T14:11:22
20210730174247,Coca-Cola Friendship Box NFT,collection/coca-cola/,2021-07-30T00:01:26,2021-08-02T00:01:14
20210730174247,Tomasz Mro,/collection/the-yellow-series,2021-07-30T18:00:00,2021-08-02T17:00:00
20210803093639,Soul Curry Art,/collection/soulcurryart,2021-08-03T07:44:08,2021-08-10T07:44:10
20210803093639,Void Attractors,/collection/void-attractors,2021-08-03T07:27:32,2021-08-10T18:00:00
20210803093639,MINDDS,/collection/mindds,2021-08-03T07:14:59,2021-08-10T18:00:00
20210804182626,Transmissions909,/collection/transmissions909,2021-08-05T17:00:00,2021-08-09T18:00:00
20210805234928,Fortune,/collection/fortune-media,2021-08-06T16:00:00,2021-08-09T18:00:00
20210807063908,Lindsey Byrnes,/collection/wishyouwerehere-westcoast-usa,2021-08-06T14:33:03,2021-08-10T14:33:04
20210807134923,The Explorers Series,/collection/theexplorers,2021-08-07T08:56:35,2021-08-09T19:00:00
20210807134923,Showdeer,/collection/showdeer,2021-08-07T10:42:04,2021-08-11T08:12:10
20210809181337,Nature Divas,/collection/naturedivas,2021-08-09T18:00:00,2021-08-12T19:00:00
20210810172141,Zuzana Breznanikova,/collection/zuzana-breznanikova-art,2021-08-10T13:39:52,2021-08-17T13:39:58
20210810172141,Jason Chambers,/collection/jason-chambers-art?search[sortAscending]=false&search[sortBy]=CREATED_DATE,2021-08-11T16:00:00,2021-08-14T17:00:00
20210812202124,Alex Lavrov,/collection/psychologicalsymbolism,2021-08-12T18:15:08,2021-08-16T18:15:09
20210813174830,EBABES,/collection/ebabes,2021-08-13T17:00:00,2021-08-16T19:00:00
20210814064122,Yat ðŸ––,/collection/yat?search[toggles][0]=ON_AUCTION,2021-08-13T23:00:53,2021-08-17T23:59:53
20210816194500,Dylan Gill,/collection/psychological-dimension,2021-08-16T12:59:24,2021-08-24T12:59:26
20210816194500,PALETTES OF AOTEROA,/collection/palettesofaoteroa,2021-08-17T16:00:00,2021-08-20T16:00:00
20210817090713,Gauntlets,/assets/0x74ecb5f64363bd663abd3ef08df75dd22d853bfc/0,2021-08-17T15:00:19,2021-08-20T05:59:00
20210817090713,PALETTES OF AOTEAROA,/collection/palettesofaoteroa,2021-08-17T16:00:00,2021-08-20T16:00:00
20210818155304,Visithra Manikam,/collection/visithra,2021-08-18T15:00:00,2021-08-25T15:00:00
20210819143253,Keiko Kitahara,/collection/keikokitahara?search[sortAscending]=false&search[sortBy]=CREATED_DATE,2021-08-19T15:00:00,2021-08-24T13:02:43
20210819230301,Mike Tyson X Cory Van Lew,/collection/the-mike-tyson-nft-collection-by-cory-van-lew?search%5BsortAscending%5D=true&search%5BsortBy%5D=CREATED_DATE&search%5BstringTraits%5D%5B0%5D%5Bname%5D=factory&search%5BstringTraits%5D%5B0%5D%5Bvalues%5D%5B0%5D=Sale%20Item&search%5Btoggles%5D%5B0%5D=ON_AUCTION,2021-08-19T20:00:10,2021-08-24T03:00:00
20210822011826,Reddit CryptoSnoos Are Back!,/assets/0xbfb99893d04f72e2916c8f266e1b2962871a8dd4/4,2021-08-21T01:02:45,2021-08-24T00:00:00
20210822101850,imnotArt Genesis Exhibition,/collection/the-new-digital-born-in-chicago,2021-08-22T08:31:23,2021-08-22T23:31:30
20210824140715,Heaven Computer,/collection/heavencomputer,2021-08-24T11:43:43,2021-08-31T18:00:00
20210824140715,Wes Henry,/assets/0x495f947276749ce646f68ac8c248420045cb7b5e/95558365551380086605542226138532184732250982186770007167128224074114743140377,2021-08-24T22:00:00,2021-08-26T12:24:50
20210824140715,0N1 Force,/collection/0n1-force,2021-08-24T11:42:16,2021-08-31T18:00:00
20210824152714,with the light,/collection/with-the-light,2021-08-25T15:09:00,2021-08-26T15:22:29
20210824162115,Trey Ratcliff Beautiful Cities,/collection/beautiful-cities-trey-ratcliff,2021-08-24T23:00:05,2021-08-26T16:08:28
20210826171447,Woman Figures,/collection/womanfigures,2021-08-26T07:49:57,2021-08-31T07:49:59
20210827133104,Parin Heidari,/collection/parinheidari?search[sortAscending]=false&search[sortBy]=CREATED_DATE,2021-08-27T16:00:00,2021-08-30T18:00:00
20210830164435,DALEK,/collection/spacemonkey-world?search[sortAscending]=false&search[sortBy]=CREATED_DATE,2021-08-30T22:00:00,2021-09-01T18:00:00
20210830212020,IKB Series 0 no.17,/assets/0x80f1ed6a1ac694317dc5719db099a440627d1ea7/17,2021-08-30T17:05:14,2021-08-31T17:05:17
20210831200120,Crypto-Pills,/collection/crypto-pills-by-micha-klein,2021-08-31T18:01:08,2021-09-07T18:01:09
20210901214332,The-Last/Supper.nft,/assets/0x503ac85cfab61a1e33df33c8b26ae81e3c6e3ef2/1,2021-09-02T18:00:05,2021-09-03T17:57:16
20210901214332,Brotchain,/collection/brotchain,2021-09-01T16:59:54,2021-09-08T16:59:55
20210902205409,imlosingmymind,/collection/imlosingmymind?collectionSlug=imlosingmymind&search[sortAscending]=false&search[sortBy]=CREATED_DATE,2021-09-02T15:01:33,2021-09-07T18:00:00
20210902205409,Crypto-Native,/collection/crypto-native?collectionSlug=crypto-native&search[sortAscending]=true&search[sortBy]=PRICE&search[toggles][0]=ON_AUCTION,2021-09-02T16:00:05,2021-09-04T03:00:00
20210907011326,Fatales,/collection/fatales,2021-09-06T17:29:54,2021-09-15T17:29:53
20210907011326,Tinted Dreams,/collection/tinteddreamscollection,2021-09-06T17:55:09,2021-09-15T17:55:10
20210907011326,Inertial Moment,/collection/inertial-moment,2021-09-06T17:37:01,2021-09-15T17:37:02
20210910185344,I Love New York,/collection/i-love-ny-capsule-collection-by-rebecca-minkoff,2021-09-10T14:57:27,2021-09-14T14:57:30
20210913075803,Noa Knafo,/collection/noaknafo,2021-09-13T01:56:05,2021-09-16T01:56:07
20210913133630,Seasons by DirtyRobot,/collection/seasons-by-dirty-robot,2021-09-13T15:00:00,2021-09-18T14:41:06
20210915041226,Alexander Reben x Gazell.io,/collection/thought-render-series-alexander-reben,2021-09-14T15:25:46,2021-09-20T17:00:00
20210916010544,Pat Dimitri,/collection/pat-dimitri?collectionSlug=pat-dimitri&search[sortAscending]=false&search[sortBy]=CREATED_DATE,2021-09-16T16:00:00,2021-09-19T17:00:00
20210917224226,AIIV: Explosion of Color,/collection/explosionofcolorreserve,2021-09-17T19:22:44,2021-09-18T21:05:00
20210918194638,Kinesis Art,/collection/kinesisart,2021-09-18T16:42:44,2021-09-25T16:46:55
20210918194638,1000 Days 1000 Faces,/collection/1000faces,2021-09-18T17:06:59,2021-09-25T17:07:01
20210920222621,Non-Fungible Heroes,/collection/nfh,2021-09-20T18:12:21,2021-09-27T18:12:22
20210921212036,Harry Pack,/collection/harrypackart-collection?collectionSlug=harrypackart-collection&search[sortAscending]=false&search[sortBy]=CREATED_DATE,2021-09-21T16:00:00,2021-09-28T16:00:00
20210922210955,Rise Through The Fall,/assets/0x495f947276749ce646f68ac8c248420045cb7b5e/28703561000375446655172302029342310890593965645764885972511824205892208820324,2021-09-22T20:57:21,2021-09-27T20:57:23
20210923003655,Play Big Time,/collection/bigtime-founders,2021-09-23T00:00:00,2021-09-24T00:00:00
20210924165121,Zero Contact,/collection/vuele,2021-09-24T16:00:00,2021-09-29T18:00:00
20210925223229,SPECULATIONS,/collection/speculations-meyohas,2021-09-25T15:34:37,2021-09-28T00:00:00
20210928233334,Professor Meowingtons in Space,/assets/0x495f947276749ce646f68ac8c248420045cb7b5e/57667657019405383331042526529136336247251812854426492646201797617881792380929,2021-09-28T20:30:00,2021-10-01T00:00:00
20210928233334,Entrope,/collection/entrope,2021-09-28T17:31:39,2021-10-05T17:31:40
20210928233334,Free Form by Bloo Woods,/collection/free-form-collection,2021-09-28T17:54:17,2021-10-05T17:54:20
20211001194739,Ashy BronZun by Guggimon,/assets/0x431329ec4b9c637fa80625ef3456e01e119aeaf0/1,2021-10-01T19:05:45,2021-10-04T19:05:54
20211002010257,Claylings,/collection/theclaylings,2021-10-01T23:20:00,2021-10-07T23:20:02
20211002191538,Dino Warriors,/assets/0x8edf0426c0b0d10b50d72eb3f0c40985438cdaab/30886704237171238875161861937274451221838328880522854013500776440187488043008,2021-10-02T15:17:02,2021-10-06T00:00:00
20211006185253,Zabriskie Point,/collection/zabriskie,2021-10-06T17:00:00,2021-10-07T20:43:52
20211006211245,OPEN MINDS by Efdot,/collection/efdot-openminds,2021-10-06T19:53:24,2021-10-12T19:53:26
20211008194022,Frank Miller,/assets/0x8f6aeee5a9e53151cab41722732d789b89614f2a/1,2021-10-08T18:16:32,2021-10-12T02:00:00
20211008235144,Radical Digital Painting,/collection/radical-digital-painting,2021-10-08T23:30:00,2021-10-15T22:56:13
20211008235144,It's Because You're Pretty,/collection/amber-vittoria-pretty,2021-10-08T22:15:28,2021-10-15T22:15:30
20211010192836,Art in Motion,/collection/artinmotionnyc,2021-10-10T19:00:00,2021-10-15T00:00:00
